un_location_id,un_name,iso3
4,Afghanistan,
8,Albania,
12,Algeria,
16,American Samoa,
20,Andorra,
24,Angola,
28,Antigua and Barbuda,
31,Azerbaijan,
32,Argentina,
36,Australia,
40,Austria,
44,Bahamas,
48,Bahrain,
50,Bangladesh,
51,Armenia,
52,Barbados,
56,Belgium,
60,Bermuda,
64,Bhutan,
68,Bolivia (Plurinational State of),
70,Bosnia and Herzegovina,
72,Botswana,
76,Brazil,
84,Belize,
90,Solomon Islands,
92,British Virgin Islands,
96,Brunei Darussalam,
100,Bulgaria,
104,Myanmar,
108,Burundi,
112,Belarus,
116,Cambodia,
120,Cameroon,
124,Canada,
132,Cabo Verde,
136,Cayman Islands,
140,Central African Republic,
144,Sri Lanka,
148,Chad,
152,Chile,
156,China,
158,"China, Taiwan Province of China",
170,Colombia,
174,Comoros,
175,Mayotte,
178,Congo,
180,Democratic Republic of the Congo,
184,Cook Islands,
188,Costa Rica,
191,Croatia,
192,Cuba,
196,Cyprus,
203,Czechia,
204,Benin,
208,Denmark,
212,Dominica,
214,Dominican Republic,
218,Ecuador,
222,El Salvador,
226,Equatorial Guinea,
231,Ethiopia,
232,Eritrea,
233,Estonia,
234,Faroe Islands,
238,Falkland Islands (Malvinas),
242,Fiji,
246,Finland,
250,France,
254,French Guiana,
258,French Polynesia,
262,Djibouti,
266,Gabon,
268,Georgia,
270,Gambia,
275,State of Palestine,
276,Germany,
288,Ghana,
292,Gibraltar,
296,Kiribati,
300,Greece,
304,Greenland,
308,Grenada,
312,Guadeloupe,
316,Guam,
320,Guatemala,
324,Guinea,
328,Guyana,
332,Haiti,
336,Holy See,
340,Honduras,
344,"China, Hong Kong SAR",
348,Hungary,
352,Iceland,
356,India,
360,Indonesia,
364,Iran (Islamic Republic of),
368,Iraq,
372,Ireland,
376,Israel,
380,Italy,
384,Côte d'Ivoire,
388,Jamaica,
392,Japan,
398,Kazakhstan,
400,Jordan,
404,Kenya,
408,Dem. People's Rep. of Korea,
410,Republic of Korea,
412,Kosovo (under UNSC res. 1244),
414,Kuwait,
417,Kyrgyzstan,
418,Lao People's Democratic Republic,
422,Lebanon,
426,Lesotho,
428,Latvia,
430,Liberia,
434,Libya,
438,Liechtenstein,
440,Lithuania,
442,Luxembourg,
446,"China, Macao SAR",
450,Madagascar,
454,Malawi,
458,Malaysia,
462,Maldives,
466,Mali,
470,Malta,
474,Martinique,
478,Mauritania,
480,Mauritius,
484,Mexico,
492,Monaco,
496,Mongolia,
498,Republic of Moldova,
499,Montenegro,
500,Montserrat,
504,Morocco,
508,Mozambique,
512,Oman,
516,Namibia,
520,Nauru,
524,Nepal,
528,Netherlands,
531,Curaçao,
533,Aruba,
534,Sint Maarten (Dutch part),
535,"Bonaire, Sint Eustatius and Saba",
540,New Caledonia,
548,Vanuatu,
554,New Zealand,
558,Nicaragua,
562,Niger,
566,Nigeria,
570,Niue,
578,Norway,
580,Northern Mariana Islands,
583,Micronesia (Fed. States of),
584,Marshall Islands,
585,Palau,
586,Pakistan,
591,Panama,
598,Papua New Guinea,
600,Paraguay,
604,Peru,
608,Philippines,
616,Poland,
620,Portugal,
624,Guinea-Bissau,
626,Timor-Leste,
630,Puerto Rico,
634,Qatar,
638,Réunion,
642,Romania,
643,Russian Federation,
646,Rwanda,
652,Saint Barthélemy,
654,Saint Helena,
659,Saint Kitts and Nevis,
660,Anguilla,
662,Saint Lucia,
663,Saint Martin (French part),
666,Saint Pierre and Miquelon,
670,Saint Vincent and the Grenadines,
674,San Marino,
678,Sao Tome and Principe,
682,Saudi Arabia,
686,Senegal,
688,Serbia,
690,Seychelles,
694,Sierra Leone,
702,Singapore,
703,Slovakia,
704,Viet Nam,
705,Slovenia,
706,Somalia,
710,South Africa,
716,Zimbabwe,
724,Spain,
728,South Sudan,
729,Sudan,
732,Western Sahara,
740,Suriname,
748,Eswatini,
752,Sweden,
756,Switzerland,
760,Syrian Arab Republic,
762,Tajikistan,
764,Thailand,
768,Togo,
772,Tokelau,
776,Tonga,
780,Trinidad and Tobago,
784,United Arab Emirates,
788,Tunisia,
792,Türkiye,
795,Turkmenistan,
796,Turks and Caicos Islands,
798,Tuvalu,
800,Uganda,
804,Ukraine,
807,North Macedonia,
818,Egypt,
826,United Kingdom,
831,Guernsey,
832,Jersey,
833,Isle of Man,
834,United Republic of Tanzania,
840,United States of America,
850,United States Virgin Islands,
854,Burkina Faso,
858,Uruguay,
860,Uzbekistan,
862,Venezuela (Bolivarian Republic of),
876,Wallis and Futuna Islands,
882,Samoa,
887,Yemen,
894,Zambia,
900,World,
901,Developed regions,
902,Developing regions,
903,Africa,
904,Latin America and the Caribbean,
905,Northern America,
906,Eastern Asia,
908,Europe,
909,Oceania,
910,Eastern Africa,
911,Middle Africa,
912,Northern Africa,
913,Southern Africa,
914,Western Africa,
915,Caribbean,
916,Central America,
920,South-Eastern Asia,
922,Western Asia,
923,Eastern Europe,
924,Northern Europe,
925,Southern Europe,
926,Western Europe,
927,Australia/New Zealand,
928,Melanesia,
931,South America,
934,"Less developed regions, excluding least developed countries",
935,Asia,
941,Least developed countries,
947,Sub-Saharan Africa,
948,"Developing regions, excluding China",
954,Micronesia,
957,Polynesia,
961,Small island developing States (SIDS),
968,Land-locked Developing Countries (LLDC),
1401,Other development groups,
1500,Low-income countries,
1501,Lower-middle-income countries,
1502,Upper-middle-income countries,
1503,High-income countries,
1517,Middle-income countries,
1518,No income group available,
1829,Europe and Northern America,
1830,Latin America and the Caribbean,
1831,Central and Southern Asia,
1832,Eastern and South-Eastern Asia,
1833,Northern Africa and Western Asia,
1834,Australia/New Zealand,
1835,Oceania (excluding Australia and New Zealand),
1837,"Eastern and South-Eastern Asia, and Oceania (excluding Australia and New Zealand)",
1859,Low-and-middle-income countries,
2087,LLDC: Africa,
2088,LLDC: Asia,
2089,LLDC: Europe,
2090,LLDC: Latin America,
2091,SIDS Caribbean,
2092,SIDS Pacific,
2093,"SIDS Atlantic, Indian Ocean and South China Sea (AIS)",
5500,Central Asia,
5501,Southern Asia,
5502,"Europe, Northern America, Australia and New Zealand",
5503,High-and-upper-middle-income countries,
5504,Low-and-Lower-middle-income countries,
5505,Americas,
