type,country_iso3,year,prev_value,value,delta
drop,CYM,1973,4.887,3.562,-1.3249999999999997
drop,CYM,1971,4.662,3.465,-1.197
drop,MNG,1993,3.5,2.5,-1.0
drop,CHN,1964,7.513,6.672,-0.8410000000000002
drop,MUS,1967,5.46,4.626,-0.8339999999999996
drop,VNM,1961,6.273,5.476,-0.7969999999999997
drop,KHM,1974,5.559,4.797,-0.7620000000000005
drop,TJK,1996,4.664,3.94,-0.7239999999999998
drop,GRL,1969,4.928,4.209,-0.7190000000000003
drop,KHM,1975,4.797,4.103,-0.694
drop,KHM,1976,4.103,3.409,-0.694
drop,KHM,1977,3.409,2.716,-0.6929999999999996
drop,GRL,1970,4.209,3.541,-0.6679999999999997
drop,SYC,1976,4.752,4.086,-0.6659999999999995
drop,VIR,1966,5.64,4.993,-0.6469999999999994
drop,MUS,1969,4.596,3.965,-0.6310000000000002
drop,TEA,1964,7.12062734188243,6.4956967595558,-0.6249305823266296
drop,GRL,1968,5.545,4.928,-0.617
drop,EAP,1964,7.05774484680061,6.44237102606128,-0.6153738207393298
drop,XKX,1992,3.373,2.765,-0.6080000000000001
drop,CYM,1974,3.562,2.958,-0.6039999999999996
drop,KWT,2022,2.148,1.546,-0.6020000000000001
drop,CHN,1975,4.17,3.571,-0.5989999999999998
drop,VGB,1981,2.924,2.334,-0.5899999999999999
drop,CHN,1961,4.451,3.863,-0.5879999999999996
drop,CYP,1973,2.988,2.403,-0.585
drop,CHN,1991,2.514,1.934,-0.5799999999999998
drop,CHN,1971,6.085,5.523,-0.5620000000000003
drop,MNP,1998,2.245,1.685,-0.56
drop,JPN,1966,2.14,1.58,-0.56
drop,CHN,1974,4.726,4.17,-0.556
drop,BRB,1961,4.706,4.153,-0.5530000000000008
drop,SGP,1967,4.46,3.91,-0.5499999999999998
drop,VIR,1973,4.78,4.231,-0.5490000000000004
drop,BRB,1967,4.144,3.599,-0.5449999999999999
drop,PRK,1973,3.889,3.353,-0.5359999999999996
drop,SYC,1982,3.665,3.131,-0.5340000000000003
drop,SYC,1972,5.689,5.155,-0.5339999999999998
drop,EAS,1964,6.38844597578321,5.86395908828366,-0.5244868874995499
drop,YEM,1996,7.525,7.004,-0.5210000000000008
drop,LTE,1964,6.10855562254805,5.58847747349864,-0.52007814904941
drop,CHN,1967,6.307,5.806,-0.5010000000000003
drop,MNG,1992,4.0,3.5,-0.5
drop,MNG,1991,4.5,4.0,-0.5
drop,MNP,1996,3.077,2.588,-0.4889999999999999
drop,VGB,1998,2.009,1.523,-0.486
drop,GRL,1967,6.031,5.545,-0.48599999999999977
drop,ARE,1995,3.761,3.278,-0.4830000000000001
drop,KHM,1997,4.867,4.395,-0.4720000000000004
drop,CYM,1969,3.992,3.522,-0.4700000000000002
drop,IRN,1992,4.568,4.099,-0.4689999999999994
drop,TEA,1975,4.44685286878701,3.97793766819611,-0.4689152005909003
drop,EAP,1975,4.42622678163375,3.96321575761353,-0.4630110240202203
drop,HKG,1966,4.923,4.464,-0.45899999999999963
drop,TEA,1974,4.9052555401121,4.44685286878701,-0.45840267132509016
drop,TEA,1961,4.85337152270027,4.39766293016726,-0.45570859253300977
drop,EAP,1974,4.88069511487259,4.42622678163375,-0.4544683332388395
drop,EAP,1961,4.83110181718473,4.37755549899838,-0.4535463181863504
drop,SYC,2022,2.46,2.01,-0.4500000000000002
drop,MUS,1965,5.956,5.508,-0.4480000000000004
drop,VIR,1995,3.682,3.237,-0.44499999999999984
drop,ROU,1969,3.63,3.19,-0.43999999999999995
drop,SGP,1974,2.79,2.35,-0.43999999999999995
drop,TEA,1971,5.98242161946572,5.54375383050301,-0.43866778896270997
drop,TEA,1991,2.73655247839245,2.30006860620803,-0.4364838721844202
drop,PLW,1977,4.526,4.09,-0.43599999999999994
drop,DMA,1974,4.275,3.842,-0.4330000000000003
drop,MDV,1996,4.292,3.859,-0.43299999999999983
drop,EAP,1971,5.94760452521829,5.51474525695755,-0.4328592682607404
drop,EAP,1991,2.73172329262826,2.30075145434288,-0.43097183828537977
drop,KOR,1976,3.43,3.0,-0.43000000000000016
drop,IRN,1994,3.674,3.244,-0.4299999999999997
drop,DZA,1995,3.914,3.487,-0.42700000000000005
drop,GUM,1967,5.072,4.646,-0.42600000000000016
drop,IRN,1993,4.099,3.674,-0.42500000000000027
drop,EAS,1975,4.14161342578447,3.72018111972918,-0.42143230605529025
drop,GIB,1967,3.604,3.183,-0.42100000000000026
drop,GIB,2002,2.104,1.683,-0.42100000000000004
drop,KOR,1972,4.54,4.12,-0.41999999999999993
drop,PRI,1964,4.525,4.108,-0.4170000000000007
drop,CHN,1983,2.972,2.559,-0.4129999999999998
drop,CHN,1972,5.523,5.112,-0.4109999999999996
drop,ISL,1961,4.29,3.88,-0.41000000000000014
drop,MAC,1968,3.014,2.608,-0.4059999999999997
drop,MNP,1977,5.234,4.829,-0.40500000000000025
drop,EAS,1974,4.54617826928571,4.14161342578447,-0.4045648435012392
drop,MNP,1980,4.047,3.647,-0.3999999999999999
drop,MNG,2010,2.8,2.4,-0.3999999999999999
drop,DMA,1973,4.671,4.275,-0.3959999999999999
drop,MDV,1995,4.688,4.292,-0.3959999999999999
drop,MNP,1975,6.02,5.625,-0.3949999999999996
drop,MNP,1978,4.829,4.434,-0.3949999999999996
drop,LTE,1991,2.54996016312967,2.15513493930988,-0.39482522381979024
drop,EAS,1961,4.552018956377,4.15886057355196,-0.3931583828250398
drop,IRN,1995,3.244,2.852,-0.39200000000000035
drop,CHN,1977,3.235,2.844,-0.391
drop,MNP,1976,5.625,5.234,-0.391
drop,DZA,1986,6.035,5.645,-0.39000000000000057
drop,ROU,1990,2.22,1.83,-0.3900000000000001
drop,MNP,1981,3.647,3.258,-0.3889999999999998
grow,CHN,1962,3.863,6.085,2.222
grow,MNP,1968,5.701,7.741,2.04
grow,ROU,1967,1.9,3.66,1.7600000000000002
grow,TEA,1962,4.39766293016726,6.06600697258066,1.6683440424134002
grow,EAP,1962,4.37755549899838,6.01855126399584,1.6409957649974602
grow,CHN,1963,6.085,7.513,1.428
grow,CYM,1972,3.465,4.887,1.4219999999999997
grow,EAS,1962,4.15886057355196,5.52664149337645,1.3677809198244892
grow,LTE,1962,3.9956223556304,5.28894284909649,1.2933204934660898
grow,KHM,1980,4.556,5.774,1.218
grow,KHM,1979,3.338,4.556,1.218
grow,IRQ,1962,5.8,6.991,1.1909999999999998
grow,CYM,1970,3.522,4.662,1.1400000000000001
grow,TEA,1963,6.06600697258066,7.12062734188243,1.0546203693017695
grow,EAP,1963,6.01855126399584,7.05774484680061,1.0391935828047698
grow,EAS,1963,5.52664149337645,6.38844597578321,0.8618044824067601
grow,LTE,1963,5.28894284909649,6.10855562254805,0.8196127734515608
grow,VNM,1962,5.476,6.257,0.7809999999999997
grow,IBD,1962,4.76035280865593,5.51006816456136,0.7497153559054297
grow,MIC,1962,5.24092066632468,5.98007458661264,0.7391539202879605
grow,CHN,1968,5.806,6.508,0.702
grow,LMY,1962,5.30780731829546,6.00616473174695,0.6983574134514905
grow,JPN,1967,1.58,2.23,0.6499999999999999
grow,MLT,1975,1.64,2.27,0.6300000000000001
grow,IBT,1962,5.08171890586985,5.70533969257823,0.6236207867083801
grow,KHM,1978,2.716,3.338,0.6219999999999999
grow,GIB,1963,3.528,4.061,0.5329999999999999
grow,VIR,1964,4.958,5.474,0.516
grow,TEA,1968,5.8225193400829,6.33256621511992,0.5100468750370197
grow,IRQ,1961,5.3,5.8,0.5
grow,EAP,1968,5.79181914146062,6.29098438446004,0.49916524299941933
grow,MNP,1991,2.338,2.823,0.4849999999999999
grow,VIR,2007,2.03,2.51,0.48
grow,IBD,1963,5.51006816456136,5.97915706768226,0.4690889031209
grow,WLD,1962,4.56475472574651,5.02406253709377,0.4593078113472604
grow,MIC,1963,5.98007458661264,6.43904924666892,0.4589746600562794
grow,VIR,1970,4.812,5.254,0.4419999999999993
grow,LMY,1963,6.00616473174695,6.44086312593481,0.43469839418786016
grow,EAS,1968,5.32208660399267,5.73717146674616,0.4150848627534902
grow,SYC,1966,5.716,6.126,0.41000000000000014
grow,IBT,1963,5.70533969257823,6.09384148474072,0.38850179216249003
grow,LTE,1968,5.04102355437441,5.42574037570493,0.3847168213305192
grow,MUS,1974,3.071,3.453,0.3819999999999997
grow,SYC,1971,5.307,5.689,0.3819999999999997
grow,MNP,2006,2.256,2.613,0.3570000000000002
grow,CEB,1967,2.12881236631245,2.47914307382557,0.3503307075131201
grow,MAF,2012,2.424,2.773,0.3490000000000002
grow,PRK,1967,3.709,4.05,0.34099999999999975
grow,HUN,1974,1.93,2.27,0.3400000000000001
grow,SGP,1988,1.62,1.96,0.33999999999999986
grow,CYP,1982,2.154,2.487,0.3330000000000002
grow,MNP,1990,2.015,2.338,0.32299999999999995
grow,SYC,1974,4.784,5.099,0.3150000000000004
grow,VIR,2002,1.9,2.21,0.31000000000000005
grow,TLS,1981,5.219,5.525,0.30600000000000005
grow,MUS,1963,5.877,6.18,0.30299999999999994
grow,MNG,2008,2.3,2.6,0.30000000000000027
grow,KGZ,2018,3.0,3.3,0.2999999999999998
grow,MNG,2013,2.7,3.0,0.2999999999999998
grow,WLD,1963,5.02406253709377,5.31430470898607,0.2902421718922996
grow,MKD,2021,1.31,1.6,0.29000000000000004
grow,LIE,2011,1.4,1.69,0.29000000000000004
grow,XKX,1999,2.35,2.634,0.2839999999999998
grow,LIE,2009,1.43,1.71,0.28
grow,VIR,1991,3.106,3.379,0.27300000000000013
grow,VIR,1962,4.801,5.072,0.2709999999999999
grow,ROU,1974,2.44,2.71,0.27
grow,GIB,1962,3.26,3.528,0.26800000000000024
grow,TCD,1972,6.582,6.85,0.2679999999999998
grow,KHM,1981,5.774,6.042,0.2679999999999998
grow,SMR,2008,1.257,1.521,0.264
grow,VGB,1999,1.523,1.786,0.2630000000000001
grow,FRO,2000,2.325,2.5861,0.2610999999999999
grow,KOR,1979,2.64,2.9,0.2599999999999998
grow,FRO,2012,2.3118,2.5709,0.2591000000000001
grow,SMR,1961,2.428,2.684,0.2560000000000002
grow,GRD,1985,3.224,3.478,0.254
grow,VIR,1992,3.379,3.63,0.2509999999999999
grow,BGR,1968,2.02,2.27,0.25
grow,GRL,1980,2.187,2.435,0.24800000000000022
grow,MNP,2010,2.736,2.982,0.246
grow,MNP,1992,2.823,3.066,0.24299999999999988
grow,GUM,2012,2.876,3.117,0.2410000000000001
grow,ATG,2000,1.956,2.196,0.2400000000000002
grow,KAZ,2020,2.89,3.13,0.23999999999999977
grow,GUM,2016,2.933,3.171,0.238
grow,GRL,1988,2.083,2.317,0.23399999999999999
grow,CYM,2019,1.277,1.508,0.2310000000000001
grow,CYP,1961,3.393,3.619,0.22600000000000042
grow,MNP,2011,2.982,3.208,0.22599999999999998
grow,CZE,1973,2.09,2.31,0.2200000000000002
grow,MLT,1996,1.77,1.99,0.21999999999999997
grow,CYP,1976,2.107,2.327,0.21999999999999975
grow,FRO,2002,2.3369,2.5567,0.21980000000000022
grow,MNP,2003,1.678,1.893,0.21500000000000008
grow,PRK,1963,3.412,3.626,0.21399999999999997
grow,FRO,1988,2.3584,2.5722,0.2138
grow,FRO,2016,2.4278,2.6393,0.21150000000000002
grow,UZB,2021,3.062,3.273,0.2110000000000003
grow,LIE,2016,1.4,1.61,0.2100000000000002
